{
    "CustomLabels": [
        {
            "Name": "packt",
            "Confidence": 91.34700012207031,
            "Geometry": {
                "BoundingBox": {
                    "Width": 0.08715999871492386,
                    "Height": 0.1518000066280365,
                    "Left": 0.8995000123977661,
                    "Top": 0.06627999991178513
                }
            }
        }
    ]
}
